{
    "loss": 2.3363754749298096,
    "accuracy": 0.7068965435028076
}