{
    "loss": 0.7089667916297913,
    "accuracy": 0.8534482717514038
}